{"primary":{"search-1":{"title":"Search"},"tlg-posts-widget-2":{"title":"Recent Posts","number":4,"show_date":"1","show_comment":"0","show_thumb":"1","cat_id":0,"orderby":"date","tags":""},"categories-1":{"title":"","count":0,"hierarchical":0,"dropdown":0},"tlg-instagram-widget-2":{"title":"Instagram","username":"envato","number":"6","size":"large","target":"_blank","show_count":"1"},"tag_cloud-2":{"title":"Tags","count":0,"taxonomy":"post_tag"},"tlg-twitter-widget-2":{"title":"Twitter","consumer_key":"6JsLLOF1V5PSO6A07dP5749vw","consumer_secret":"tTbeEBkaHreMFAsjrVt3CooOC7pRsL6v8vPhrrU3W4RkHjeVuN","query":"from:themelogi","number":"1","exclude_replies":"true","show_time":false,"show_follow":false,"show_avatar":false,"show_account":false}},"page":{"archives-2":{"title":"Archives","count":0,"dropdown":0},"calendar-2":{"title":""},"meta-2":{"title":"Useful Links"}},"shop":{"woocommerce_product_search-1":{"title":"Search"},"woocommerce_layered_nav-1":{"title":"Filter by","attribute":"color","display_type":"list","query_type":"and"},"woocommerce_layered_nav_filters-1":{"title":"Active Filters"},"woocommerce_price_filter-1":{"title":"Filter by price"},"woocommerce_product_categories-1":{"title":"Product Categories","orderby":"name","dropdown":0,"count":1,"hierarchical":1,"show_children_only":0,"hide_empty":0},"woocommerce_products-1":{"title":"Products","number":5,"show":"","orderby":"date","order":"desc","hide_free":0,"show_hidden":0},"woocommerce_product_tag_cloud-1":{"title":"Product tags"}},"footer1":{"custom_html-1":{"title":"About Us","content":"<p>Navian is a stunning theme for building just about any type of website.<\/p>\r\n<div class=\" icon_title_list-content icon-list mt16\"><ul class=\"icon_title_list\"><li class=\"mb8\"><span class=\"small-icon\"><i class=\"primary-color fa fa-map-marker inline-block icon\"><\/i><\/span><span>121 King Street, Melbourne<br> VIC 3000, Australia<\/span><\/li><li class=\"mb8\"><span class=\"small-icon\"><i class=\"primary-color fa fa-envelope  inline-block icon\"><\/i><\/span><span><a href=\"mailto:info@example.com\" class=\"underline-hover\">info@example.com<\/a><\/span><\/li><li class=\"mb8\"><span class=\"small-icon\"><i class=\"primary-color fa fa-phone  inline-block icon\"><\/i><\/span><span>888-123-4567<\/span><\/li><\/ul><\/div>"}},"footer2":{"tlg-twitter-widget-3":{"title":"Twitter","consumer_key":"6JsLLOF1V5PSO6A07dP5749vw","consumer_secret":"tTbeEBkaHreMFAsjrVt3CooOC7pRsL6v8vPhrrU3W4RkHjeVuN","query":"from:themelogi","number":"1","show_follow":"true","show_quote":"true","exclude_replies":"true","show_time":false,"show_avatar":false,"show_account":false}},"footer3":{"tlg-posts-widget-3":{"title":"Recent Posts","number":2,"show_date":"1","show_comment":"0","show_thumb":"1","cat_id":0,"orderby":"date","tags":""}},"footer4":{"tlg-instagram-widget-3":{"title":"Instagram Feed","username":"envato","number":"6","size":"large","target":"_blank","show_count":"1"}}}